ts_code,trade_date,open,high,low,close,pre_close,change,pct_chg,vol,amount
920663.BJ,20240102,14.07,15.2,14.07,15.09,14.26,0.83,5.8205,58675.5,86908.342
920663.BJ,20240103,15.5,16.63,14.8,15.08,15.09,-0.01,-0.0663,73266.77,114986.18
920663.BJ,20240104,14.53,15.86,14.28,15.81,15.08,0.73,4.8408,64978.35,97694.304
920663.BJ,20240105,15.38,15.73,14.16,14.4,15.81,-1.41,-8.9184,49222.12,73606.583
920663.BJ,20240108,14.4,14.8,13.3,13.31,14.4,-1.09,-7.5694,34873.39,48333.321
920663.BJ,20240109,13.33,13.85,12.37,12.98,13.31,-0.33,-2.4793,33245.35,43873.909
920663.BJ,20240110,12.84,13.28,12.76,13.19,12.98,0.21,1.6179,21440.12,27924.588
920663.BJ,20240111,13.12,13.39,12.8,13.17,13.19,-0.02,-0.1516,17703.55,23157.899
920663.BJ,20240112,13.03,13.2,11.76,11.79,13.17,-1.38,-10.4784,29285.59,36135.81
920663.BJ,20240115,11.7,12.1,11.18,11.61,11.79,-0.18,-1.5267,20171.65,23317.605
920663.BJ,20240116,11.52,12.5,11.14,12.48,11.61,0.87,7.4935,32127.67,38460.256
920663.BJ,20240117,12.42,12.92,12.13,12.18,12.48,-0.3,-2.4038,24128.98,30217.09
920663.BJ,20240118,12.0,12.66,11.8,12.5,12.18,0.32,2.6273,23679.68,29135.762
920663.BJ,20240119,12.53,13.24,12.52,12.93,12.5,0.43,3.44,27677.16,35819.236
920663.BJ,20240122,12.75,13.01,12.24,12.47,12.93,-0.46,-3.5576,23065.96,29255.323
920663.BJ,20240123,12.38,12.7,12.2,12.43,12.47,-0.04,-0.3208,14039.61,17479.849
920663.BJ,20240124,12.56,12.75,11.76,12.37,12.43,-0.06,-0.4827,16133.44,19769.757
920663.BJ,20240125,12.4,12.41,11.68,11.99,12.37,-0.38,-3.0719,19737.36,23716.278
920663.BJ,20240126,12.09,12.27,11.91,11.92,11.99,-0.07,-0.5838,13584.28,16392.674
920663.BJ,20240129,11.95,11.95,10.41,10.49,11.92,-1.43,-11.9966,22850.83,25301.667
920663.BJ,20240130,10.59,10.6,10.15,10.35,10.49,-0.14,-1.3346,15129.13,15568.028
920663.BJ,20240131,10.27,10.74,10.22,10.46,10.35,0.11,1.0628,15892.56,16722.571
920663.BJ,20240201,10.34,10.52,9.52,9.75,10.46,-0.71,-6.7878,17972.91,17992.713
920663.BJ,20240202,9.84,9.93,8.83,9.2,9.75,-0.55,-5.641,24010.77,22332.841
920663.BJ,20240205,9.33,11.96,8.76,11.96,9.2,2.76,30.0,66961.89,73611.178
920663.BJ,20240206,12.1,15.5,12.1,14.41,11.96,2.45,20.4849,121683.11,170524.642
920663.BJ,20240207,13.33,13.55,11.85,12.08,14.41,-2.33,-16.1693,115580.9,148746.144
920663.BJ,20240208,11.33,11.62,10.2,10.73,12.08,-1.35,-11.1755,67456.46,73551.897
920663.BJ,20240219,10.85,11.39,10.5,11.31,10.73,0.58,5.4054,45206.01,49478.635
920663.BJ,20240220,11.15,11.72,11.07,11.46,11.31,0.15,1.3263,38893.3,44498.998
920663.BJ,20240221,11.38,13.8,11.23,12.3,11.46,0.84,7.3298,85498.34,108673.22
920663.BJ,20240222,11.85,12.51,11.66,12.42,12.3,0.12,0.9756,54393.4,65739.0
920663.BJ,20240223,12.4,12.4,11.92,12.16,12.42,-0.26,-2.0934,38112.85,46242.665
920663.BJ,20240226,12.12,12.6,11.92,12.27,12.16,0.11,0.9046,36999.09,45542.545
920663.BJ,20240227,12.3,13.28,12.27,12.9,12.27,0.63,5.1345,55677.44,72152.722
920663.BJ,20240228,13.2,13.47,11.89,12.08,12.9,-0.82,-6.3566,54849.79,69620.092
920663.BJ,20240229,11.89,12.4,11.8,12.4,12.08,0.32,2.649,31332.72,38057.688
920663.BJ,20240301,12.42,12.65,12.13,12.28,12.4,-0.12,-0.9677,24367.45,30040.822
920663.BJ,20240304,12.2,12.2,11.83,11.89,12.28,-0.39,-3.1759,21692.26,25950.371
920663.BJ,20240305,11.99,12.17,11.48,11.78,11.89,-0.11,-0.9251,21420.0,25258.71
920663.BJ,20240306,11.82,12.25,11.71,12.05,11.78,0.27,2.292,21815.44,26241.466
920663.BJ,20240307,12.04,12.1,11.32,11.33,12.05,-0.72,-5.9751,24154.82,28162.575
920663.BJ,20240308,11.47,11.59,11.15,11.3,11.33,-0.03,-0.2648,10983.81,12460.033
920663.BJ,20240311,11.28,11.58,11.27,11.5,11.3,0.2,1.7699,10514.64,12026.659
920663.BJ,20240312,11.58,11.7,11.32,11.47,11.5,-0.03,-0.2609,10696.37,12294.407
920663.BJ,20240313,11.47,11.59,11.37,11.4,11.47,-0.07,-0.6103,9888.71,11312.067
920663.BJ,20240314,11.49,11.66,11.36,11.41,11.4,0.01,0.0877,12433.6,14292.063
920663.BJ,20240315,11.49,12.36,11.36,12.15,11.41,0.74,6.4855,32147.54,38508.735
920663.BJ,20240318,12.3,12.3,11.95,12.09,12.15,-0.06,-0.4938,14495.94,17516.56
920663.BJ,20240319,12.11,12.11,11.75,11.81,12.09,-0.28,-2.316,14030.44,16682.33
920663.BJ,20240320,11.9,12.05,11.8,11.91,11.81,0.1,0.8467,9326.25,11105.11
920663.BJ,20240321,11.91,11.92,11.38,11.54,11.91,-0.37,-3.1066,14345.27,16611.088
920663.BJ,20240322,11.53,11.71,11.25,11.32,11.54,-0.22,-1.9064,7684.23,8766.642
920663.BJ,20240325,11.3,11.39,11.06,11.08,11.32,-0.24,-2.1201,7139.84,7998.881
920663.BJ,20240326,11.13,11.39,11.05,11.19,11.08,0.11,0.9928,8227.09,9206.786
920663.BJ,20240327,11.11,11.68,11.02,11.17,11.19,-0.02,-0.1787,14873.53,16928.222
920663.BJ,20240328,11.06,11.4,11.06,11.22,11.17,0.05,0.4476,8457.73,9519.712
920663.BJ,20240329,11.22,11.44,11.14,11.24,11.22,0.02,0.1783,6841.71,7704.819
920663.BJ,20240401,11.24,11.41,11.23,11.37,11.24,0.13,1.1566,7002.04,7919.843
920663.BJ,20240402,11.42,11.42,11.08,11.08,11.37,-0.29,-2.5506,6719.81,7525.021
920663.BJ,20240403,11.07,11.16,10.84,10.85,11.08,-0.23,-2.0758,8562.1,9397.796
920663.BJ,20240408,10.9,10.9,10.31,10.36,10.85,-0.49,-4.5161,8561.42,9004.079
920663.BJ,20240409,10.38,10.47,10.26,10.36,10.36,0.0,0.0,3827.59,3974.268
920663.BJ,20240410,10.25,12.37,10.25,11.49,10.36,1.13,10.9073,41431.83,48013.369
920663.BJ,20240411,11.5,12.3,11.31,11.35,11.49,-0.14,-1.2185,32929.59,38728.207
920663.BJ,20240412,10.9,11.27,10.61,10.69,11.35,-0.66,-5.815,19779.27,21710.763
920663.BJ,20240415,10.58,10.8,10.16,10.35,10.69,-0.34,-3.1805,13028.32,13626.969
920663.BJ,20240416,10.2,10.4,9.84,10.37,10.35,0.02,0.1932,13256.75,13349.952
920663.BJ,20240417,10.64,11.22,10.5,11.21,10.37,0.84,8.1003,18158.74,19843.478
920663.BJ,20240418,11.08,11.43,10.85,11.02,11.21,-0.19,-1.6949,13075.28,14513.376
920663.BJ,20240419,11.0,11.18,10.8,11.12,11.02,0.1,0.9074,8917.96,9769.097
920663.BJ,20240422,11.15,11.23,10.93,11.19,11.12,0.07,0.6295,5118.17,5674.009
920663.BJ,20240423,11.08,11.85,11.04,11.77,11.19,0.58,5.1832,23016.7,26701.661
920663.BJ,20240424,11.88,11.97,11.47,11.6,11.77,-0.17,-1.4444,13835.84,16102.507
920663.BJ,20240425,11.56,11.69,11.19,11.29,11.6,-0.31,-2.6724,7832.32,8977.174
920663.BJ,20240426,11.28,11.38,11.0,11.18,11.29,-0.11,-0.9743,11231.54,12551.659
920663.BJ,20240429,11.22,11.48,11.17,11.35,11.18,0.17,1.5206,16726.68,18870.818
920663.BJ,20240430,11.5,11.75,11.21,11.32,11.35,-0.03,-0.2643,15465.89,17640.869
920663.BJ,20240506,11.44,11.48,11.24,11.31,11.32,-0.01,-0.0883,12179.96,13791.775
920663.BJ,20240507,11.35,11.35,11.2,11.32,11.31,0.01,0.0884,6150.08,6923.094
920663.BJ,20240508,11.43,11.47,11.08,11.1,11.32,-0.22,-1.9435,6179.71,6966.975
920663.BJ,20240509,11.08,11.19,11.02,11.1,11.1,0.0,0.0,6349.39,7054.225
920663.BJ,20240510,11.12,11.17,10.83,10.98,11.1,-0.12,-1.0811,6739.88,7378.98
920663.BJ,20240513,10.92,10.92,10.71,10.75,10.98,-0.23,-2.0947,3894.18,4207.365
920663.BJ,20240514,10.73,11.18,10.72,10.99,10.75,0.24,2.2326,6252.73,6892.825
920663.BJ,20240515,10.97,11.13,10.82,10.9,10.99,-0.09,-0.8189,3773.49,4133.64
920663.BJ,20240516,10.87,11.15,10.8,10.81,10.9,-0.09,-0.8257,3774.96,4135.846
920663.BJ,20240517,10.81,10.97,10.62,10.9,10.81,0.09,0.8326,5540.64,5976.617
920663.BJ,20240520,10.91,11.05,10.79,10.81,10.9,-0.09,-0.8257,6145.6,6696.993
920663.BJ,20240521,10.82,10.83,10.52,10.6,10.81,-0.21,-1.9426,6595.6,6993.23
920663.BJ,20240522,10.59,10.74,10.54,10.61,10.6,0.01,0.0943,4459.06,4732.259
920663.BJ,20240523,10.62,11.27,10.44,10.89,10.61,0.28,2.639,14388.35,15728.102
920663.BJ,20240524,10.92,11.03,10.69,10.74,10.89,-0.15,-1.3774,6049.43,6554.107
920663.BJ,20240527,10.74,10.87,10.62,10.7,10.74,-0.04,-0.3724,3859.01,4123.518
920663.BJ,20240528,10.71,10.79,10.59,10.7,10.7,0.0,0.0,3168.44,3393.877
920663.BJ,20240529,10.69,10.79,10.63,10.66,10.7,-0.04,-0.3738,2347.13,2511.119
920663.BJ,20240530,10.53,10.72,10.41,10.44,10.66,-0.22,-2.0638,4856.37,5097.444
920663.BJ,20240531,10.43,10.56,10.42,10.42,10.44,-0.02,-0.1916,2313.5,2422.948
920663.BJ,20240603,10.32,10.52,10.32,10.4,10.42,-0.02,-0.1919,3072.03,3194.141
920663.BJ,20240604,10.41,10.5,10.36,10.41,10.4,0.01,0.0962,2860.46,2979.054
920663.BJ,20240605,10.42,10.55,10.32,10.32,10.41,-0.09,-0.8646,2909.88,3030.352
920663.BJ,20240606,10.33,10.47,10.15,10.21,10.32,-0.11,-1.0659,5970.71,6116.49
920663.BJ,20240607,9.86,10.22,9.82,9.9,9.82,0.08,0.8147,3744.32,3734.753
920663.BJ,20240611,9.91,10.17,9.77,10.09,9.9,0.19,1.9192,3136.47,3123.12
920663.BJ,20240612,10.1,10.38,10.08,10.21,10.09,0.12,1.1893,4193.01,4277.159
920663.BJ,20240613,10.2,10.27,10.1,10.1,10.21,-0.11,-1.0774,2023.02,2051.5
920663.BJ,20240614,10.11,10.17,10.02,10.02,10.1,-0.08,-0.7921,1945.52,1961.547
920663.BJ,20240617,10.01,10.09,9.73,9.78,10.02,-0.24,-2.3952,3509.85,3474.218
920663.BJ,20240618,9.79,10.07,9.79,9.86,9.78,0.08,0.818,2793.74,2762.879
920663.BJ,20240619,9.87,10.29,9.78,10.0,9.86,0.14,1.4199,6027.0,6071.502
920663.BJ,20240620,10.01,10.2,9.77,9.85,10.0,-0.15,-1.5,4633.36,4590.011
920663.BJ,20240621,9.86,10.12,9.84,9.94,9.85,0.09,0.9137,4039.98,4041.708
920663.BJ,20240624,9.95,9.98,9.62,9.66,9.94,-0.28,-2.8169,4424.15,4319.766
920663.BJ,20240625,9.67,9.96,9.52,9.73,9.66,0.07,0.7246,5612.95,5487.483
920663.BJ,20240626,9.72,9.93,9.62,9.84,9.73,0.11,1.1305,3436.78,3362.261
920663.BJ,20240627,9.84,9.93,9.55,9.62,9.84,-0.22,-2.2358,3216.16,3143.909
920663.BJ,20240628,9.62,9.75,9.53,9.65,9.62,0.03,0.3119,2352.3,2273.069
920663.BJ,20240701,9.66,9.66,9.43,9.53,9.65,-0.12,-1.2435,2853.97,2717.033
920663.BJ,20240702,9.54,9.57,9.17,9.27,9.53,-0.26,-2.7282,3875.98,3619.882
920663.BJ,20240703,9.28,9.36,8.94,9.1,9.27,-0.17,-1.8339,3571.07,3251.133
920663.BJ,20240704,9.11,9.41,8.96,9.02,9.1,-0.08,-0.8791,3349.21,3080.341
920663.BJ,20240705,8.98,9.18,8.72,9.13,9.02,0.11,1.2195,4641.1,4136.687
920663.BJ,20240708,9.12,9.12,8.61,8.67,9.13,-0.46,-5.0383,3889.2,3425.899
920663.BJ,20240709,8.68,9.03,8.5,8.9,8.67,0.23,2.6528,5013.41,4353.832
920663.BJ,20240710,8.84,9.13,8.81,8.83,8.9,-0.07,-0.7865,2645.11,2376.379
920663.BJ,20240711,8.89,9.28,8.89,9.12,8.83,0.29,3.2843,3850.71,3505.952
920663.BJ,20240712,9.09,9.23,8.98,9.11,9.12,-0.01,-0.1096,2577.9,2350.773
920663.BJ,20240715,9.1,9.75,8.93,9.46,9.11,0.35,3.8419,11783.25,11155.81
920663.BJ,20240716,9.38,10.15,9.28,10.06,9.46,0.6,6.3425,18868.77,18581.907
920663.BJ,20240717,10.06,10.91,9.91,10.74,10.06,0.68,6.7594,33879.92,35845.342
920663.BJ,20240718,10.77,10.79,9.84,9.97,10.74,-0.77,-7.1695,19670.93,20134.332
920663.BJ,20240719,9.89,10.34,9.65,9.73,9.97,-0.24,-2.4072,9683.63,9668.129
920663.BJ,20240722,9.74,9.89,9.46,9.66,9.73,-0.07,-0.7194,6512.44,6286.382
920663.BJ,20240723,9.73,9.99,9.59,9.59,9.66,-0.07,-0.7246,7521.55,7344.176
920663.BJ,20240724,9.58,9.7,9.34,9.38,9.59,-0.21,-2.1898,4695.45,4430.99
920663.BJ,20240725,9.35,9.64,9.26,9.47,9.38,0.09,0.9595,4476.32,4233.011
920663.BJ,20240726,9.5,9.66,9.46,9.55,9.47,0.08,0.8448,2383.99,2278.105
920663.BJ,20240729,9.51,9.56,9.39,9.43,9.55,-0.12,-1.2565,3823.96,3613.206
920663.BJ,20240730,9.47,9.78,9.37,9.63,9.43,0.2,2.1209,6067.38,5829.419
920663.BJ,20240731,9.66,10.26,9.54,10.01,9.63,0.38,3.946,9471.04,9416.744
920663.BJ,20240801,10.03,10.15,9.68,9.73,10.01,-0.28,-2.7972,5239.78,5170.203
920663.BJ,20240802,9.74,9.86,9.51,9.55,9.73,-0.18,-1.8499,4022.26,3895.916
920663.BJ,20240805,9.59,9.59,9.01,9.18,9.55,-0.37,-3.8743,6958.89,6449.512
920663.BJ,20240806,9.21,9.35,9.05,9.23,9.18,0.05,0.5447,5338.79,4906.834
920663.BJ,20240807,9.24,9.34,9.11,9.27,9.23,0.04,0.4334,2228.36,2066.118
920663.BJ,20240808,9.3,9.36,9.11,9.18,9.27,-0.09,-0.9709,2690.23,2484.587
920663.BJ,20240809,9.21,9.3,9.07,9.07,9.18,-0.11,-1.1983,2265.67,2074.138
920663.BJ,20240812,9.1,9.17,8.97,8.98,9.07,-0.09,-0.9923,2564.13,2324.846
920663.BJ,20240813,9.01,9.19,8.84,9.06,8.98,0.08,0.8909,1912.72,1716.85
920663.BJ,20240814,9.05,9.22,8.98,9.09,9.06,0.03,0.3311,2543.76,2305.88
920663.BJ,20240815,9.1,9.36,9.03,9.22,9.09,0.13,1.4301,4066.04,3754.735
920663.BJ,20240816,9.23,9.33,9.2,9.23,9.22,0.01,0.1085,1985.79,1834.472
920663.BJ,20240819,9.28,9.34,9.08,9.12,9.23,-0.11,-1.1918,2351.43,2169.92
920663.BJ,20240820,9.15,9.29,9.09,9.14,9.12,0.02,0.2193,2154.7,1978.441
920663.BJ,20240821,9.17,9.38,9.02,9.28,9.14,0.14,1.5317,4057.34,3731.576
920663.BJ,20240822,9.38,9.41,9.01,9.06,9.28,-0.22,-2.3707,2053.14,1877.613
920663.BJ,20240823,9.09,9.22,9.01,9.08,9.06,0.02,0.2208,2029.97,1848.172
920663.BJ,20240826,9.11,9.19,9.05,9.18,9.08,0.1,1.1013,2378.06,2171.367
920663.BJ,20240827,9.15,9.21,9.02,9.06,9.18,-0.12,-1.3072,1764.98,1599.847
920663.BJ,20240828,9.09,9.75,9.06,9.58,9.06,0.52,5.7395,13231.31,12508.021
920663.BJ,20240829,9.55,10.12,9.35,9.86,9.58,0.28,2.9228,12734.3,12582.272
920663.BJ,20240830,9.79,10.25,9.76,9.82,9.86,-0.04,-0.4057,10005.8,10002.756
920663.BJ,20240902,9.74,10.12,9.68,9.74,9.82,-0.08,-0.8147,4062.67,4008.814
920663.BJ,20240903,9.77,9.97,9.66,9.68,9.74,-0.06,-0.616,2837.75,2786.434
920663.BJ,20240904,9.65,9.81,9.51,9.69,9.68,0.01,0.1033,4617.32,4449.504
920663.BJ,20240905,9.66,9.86,9.6,9.73,9.69,0.04,0.4128,4418.34,4299.52
920663.BJ,20240906,9.76,10.41,9.74,10.19,9.73,0.46,4.7276,12105.58,12233.911
920663.BJ,20240909,10.18,10.54,9.85,9.93,10.19,-0.26,-2.5515,9378.68,9537.25
920663.BJ,20240910,9.96,10.2,9.92,10.05,9.93,0.12,1.2085,5615.6,5642.999
920663.BJ,20240911,10.01,10.16,9.65,9.99,10.05,-0.06,-0.597,6218.1,6220.591
920663.BJ,20240912,10.01,10.18,9.8,9.84,9.99,-0.15,-1.5015,6472.78,6456.942
920663.BJ,20240913,9.84,10.13,9.76,9.88,9.84,0.04,0.4065,6477.01,6446.156
920663.BJ,20240918,9.91,9.91,9.5,9.64,9.88,-0.24,-2.4291,3488.57,3364.844
920663.BJ,20240919,9.67,10.1,9.67,9.92,9.64,0.28,2.9046,5886.2,5859.774
920663.BJ,20240920,9.92,10.06,9.83,9.9,9.92,-0.02,-0.2016,2303.1,2283.606
920663.BJ,20240923,9.92,9.95,9.82,9.85,9.9,-0.05,-0.5051,1236.96,1221.572
920663.BJ,20240924,9.88,10.1,9.79,10.03,9.85,0.18,1.8274,4526.14,4513.875
920663.BJ,20240925,10.07,10.35,10.02,10.09,10.03,0.06,0.5982,6278.19,6385.109
920663.BJ,20240926,10.13,10.3,10.09,10.29,10.09,0.2,1.9822,6205.13,6355.856
920663.BJ,20240927,10.32,11.28,10.32,10.88,10.29,0.59,5.7337,23495.88,25402.342
920663.BJ,20240930,11.8,13.65,11.01,12.91,10.88,2.03,18.6581,53412.08,65099.168
920663.BJ,20241008,16.0,16.0,13.5,15.33,12.91,2.42,18.7452,68445.31,100247.532
920663.BJ,20241009,14.03,14.5,12.34,12.5,15.33,-2.83,-18.4605,42346.15,57135.716
920663.BJ,20241010,12.61,13.17,12.02,12.14,12.5,-0.36,-2.88,22156.69,27601.032
920663.BJ,20241011,12.11,12.34,11.15,11.91,12.14,-0.23,-1.8946,20493.02,24114.247
920663.BJ,20241014,11.91,12.76,11.6,12.36,11.91,0.45,3.7783,16464.97,20142.312
920663.BJ,20241015,12.8,12.8,11.99,11.99,12.36,-0.37,-2.9935,16143.51,19949.904
920663.BJ,20241016,11.8,12.15,11.51,11.92,11.99,-0.07,-0.5838,9205.61,10955.819
920663.BJ,20241017,12.09,12.98,12.09,12.24,11.92,0.32,2.6846,28534.87,35807.134
920663.BJ,20241018,12.32,13.3,12.2,13.13,12.24,0.89,7.2712,38347.84,49409.16
920663.BJ,20241021,13.77,14.61,13.19,14.61,13.13,1.48,11.2719,52753.27,74258.724
920663.BJ,20241022,14.8,14.86,12.83,13.21,14.61,-1.4,-9.5825,47346.19,64166.106
920663.BJ,20241023,12.94,14.26,12.81,13.76,13.21,0.55,4.1635,42934.18,59392.843
920663.BJ,20241024,13.8,14.73,13.7,14.49,13.76,0.73,5.3052,48640.31,69071.73
920663.BJ,20241025,14.86,15.75,13.83,13.9,14.49,-0.59,-4.0718,66778.35,99739.895
920663.BJ,20241028,13.8,14.45,13.4,14.45,13.9,0.55,3.9568,38762.46,54335.145
920663.BJ,20241029,14.82,16.99,14.34,16.83,14.45,2.38,16.4706,89242.91,141512.287
920663.BJ,20241030,16.5,17.63,15.83,16.54,16.83,-0.29,-1.7231,68547.88,114353.692
920663.BJ,20241031,17.45,17.53,15.52,16.22,16.54,-0.32,-1.9347,55141.13,90701.857
920663.BJ,20241101,16.2,16.69,14.4,14.49,16.22,-1.73,-10.6658,41002.97,62622.075
920663.BJ,20241104,14.73,16.88,14.69,16.73,14.49,2.24,15.4589,54163.5,87514.208
920663.BJ,20241105,16.93,18.78,16.43,18.78,16.73,2.05,12.2534,81336.22,143162.942
920663.BJ,20241106,18.77,21.6,17.65,19.92,18.78,1.14,6.0703,92267.92,176821.755
920663.BJ,20241107,19.9,20.58,18.61,19.46,19.92,-0.46,-2.3092,65447.48,128542.495
920663.BJ,20241108,19.6,19.85,18.6,18.95,19.46,-0.51,-2.6208,44740.53,85484.212
920663.BJ,20241111,18.99,19.0,17.5,18.5,18.95,-0.45,-2.3747,37127.15,67394.621
920663.BJ,20241112,18.5,19.3,17.77,18.21,18.5,-0.29,-1.5676,27827.91,51453.231
920663.BJ,20241113,18.15,18.47,17.05,18.34,18.21,0.13,0.7139,29707.78,52562.08
920663.BJ,20241114,18.5,19.0,17.95,18.39,18.34,0.05,0.2726,29301.07,54056.035
920663.BJ,20241115,18.35,18.91,17.02,18.21,18.39,-0.18,-0.9788,33406.18,60772.006
920663.BJ,20241118,18.22,19.2,18.06,18.64,18.21,0.43,2.3613,32323.99,60278.807
920663.BJ,20241119,18.99,18.99,16.89,17.94,18.64,-0.7,-3.7554,32680.6,57960.915
920663.BJ,20241120,17.9,18.87,17.31,18.69,17.94,0.75,4.1806,28855.77,52575.13
920663.BJ,20241121,18.64,23.91,18.52,21.6,18.69,2.91,15.5698,101238.21,212985.091
920663.BJ,20241122,20.74,21.49,19.82,19.94,21.6,-1.66,-7.6852,64312.03,132269.777
920663.BJ,20241125,19.99,20.09,18.7,19.87,19.94,-0.07,-0.3511,29058.34,56032.443
920663.BJ,20241126,19.18,20.47,18.67,18.8,19.87,-1.07,-5.385,25592.0,49764.176
920663.BJ,20241127,18.49,19.34,17.41,19.31,18.8,0.51,2.7128,32649.64,59567.686
920663.BJ,20241128,19.34,20.5,18.99,19.86,19.31,0.55,2.8483,36201.91,71828.139
920663.BJ,20241129,19.7,20.49,19.05,20.38,19.86,0.52,2.6183,33741.08,67299.788
920663.BJ,20241202,20.99,23.0,20.4,20.63,20.38,0.25,1.2267,46442.13,99014.01
920663.BJ,20241203,20.89,22.5,20.52,21.25,20.63,0.62,3.0053,44572.19,95945.234
920663.BJ,20241204,21.0,21.96,20.01,21.48,21.25,0.23,1.0824,35651.97,74689.028
920663.BJ,20241205,21.2,22.8,20.4,21.11,21.48,-0.37,-1.7225,36917.95,79157.686
920663.BJ,20241206,21.13,21.26,19.81,19.81,21.11,-1.3,-6.1582,32518.89,66696.237
920663.BJ,20241209,19.81,20.1,18.28,18.57,19.81,-1.24,-6.2595,28867.17,54711.635
920663.BJ,20241210,19.65,19.73,18.0,18.02,18.57,-0.55,-2.9618,28359.01,53884.059
920663.BJ,20241211,17.91,18.7,17.28,17.43,18.02,-0.59,-3.2741,23302.88,41609.388
920663.BJ,20241212,17.38,17.69,16.88,17.48,17.43,0.05,0.2869,22080.59,37944.298
920663.BJ,20241213,17.36,18.1,17.12,17.17,17.48,-0.31,-1.7735,17751.98,31201.693
920663.BJ,20241216,17.18,17.39,16.31,16.54,17.17,-0.63,-3.6692,16050.49,26819.555
920663.BJ,20241217,16.53,16.63,15.9,16.08,16.54,-0.46,-2.7811,10899.23,17695.416
920663.BJ,20241218,16.22,16.44,15.78,15.8,16.08,-0.28,-1.7413,11561.69,18609.646
920663.BJ,20241219,15.87,16.58,15.11,16.55,15.8,0.75,4.7468,19705.27,31271.758
920663.BJ,20241220,16.59,16.99,16.33,16.45,16.55,-0.1,-0.6042,15575.76,25946.659
920663.BJ,20241223,16.39,16.47,15.32,15.42,16.45,-1.03,-6.2614,13016.97,20795.881
920663.BJ,20241224,15.43,15.77,15.0,15.61,15.42,0.19,1.2322,10627.58,16365.304
920663.BJ,20241225,15.68,15.68,14.75,14.97,15.61,-0.64,-4.0999,11843.87,17887.055
920663.BJ,20241226,15.1,15.39,14.85,14.88,14.97,-0.09,-0.6012,10775.48,16276.928
920663.BJ,20241227,14.96,15.17,14.85,14.87,14.88,-0.01,-0.0672,9226.45,13825.062
920663.BJ,20241230,14.88,14.94,14.26,14.34,14.87,-0.53,-3.5642,10363.52,15040.834
920663.BJ,20241231,14.38,14.99,14.22,14.42,14.34,0.08,0.5579,9480.66,13807.887
920663.BJ,20250102,14.42,14.76,14.05,14.27,14.42,-0.15,-1.0402,8371.66,12078.57
920663.BJ,20250103,14.39,14.68,14.11,14.45,14.27,0.18,1.2614,13857.22,20058.56
920663.BJ,20250106,14.47,14.85,14.32,14.77,14.45,0.32,2.2145,11279.36,16492.519
920663.BJ,20250107,15.05,15.08,14.35,15.0,14.77,0.23,1.5572,13615.64,20035.722
920663.BJ,20250108,14.87,15.83,14.7,15.66,15.0,0.66,4.4,23478.67,35877.51
920663.BJ,20250109,15.58,16.23,15.34,15.65,15.66,-0.01,-0.0639,18413.73,29328.702
920663.BJ,20250110,15.65,16.66,15.5,16.38,15.65,0.73,4.6645,32996.67,53524.722
920663.BJ,20250113,15.88,16.07,15.0,15.06,16.38,-1.32,-8.0586,21751.26,33826.76
920663.BJ,20250114,15.19,16.57,15.08,16.42,15.06,1.36,9.0305,27970.82,44604.193
920663.BJ,20250115,16.27,16.96,15.91,16.13,16.42,-0.29,-1.7661,26072.78,42878.662
920663.BJ,20250116,16.26,16.79,16.0,16.45,16.13,0.32,1.9839,15181.29,24891.932
920663.BJ,20250117,16.45,16.49,16.01,16.09,16.45,-0.36,-2.1884,11344.71,18408.369
920663.BJ,20250120,16.41,16.68,15.8,16.09,16.09,0.0,0.0,11185.05,18174.001
920663.BJ,20250121,16.25,16.45,15.8,16.06,16.09,-0.03,-0.1865,7413.22,11846.165
920663.BJ,20250122,15.98,15.98,15.5,15.53,16.06,-0.53,-3.3001,9388.89,14640.988
920663.BJ,20250123,15.78,16.6,15.48,16.08,15.53,0.55,3.5415,21460.7,34798.156
920663.BJ,20250124,16.23,16.39,15.77,16.15,16.08,0.07,0.4353,13015.99,20916.835
920663.BJ,20250127,16.47,16.47,15.99,15.99,16.15,-0.16,-0.9907,8500.65,13723.531
920663.BJ,20250205,16.14,16.14,15.54,15.69,15.99,-0.3,-1.8762,9785.84,15360.711
920663.BJ,20250206,15.82,16.57,15.58,16.55,15.69,0.86,5.4812,16797.08,27277.381
920663.BJ,20250207,16.75,17.65,16.7,17.14,16.55,0.59,3.565,30637.65,52638.078
920663.BJ,20250210,16.86,17.34,16.86,17.32,17.14,0.18,1.0502,22375.27,38153.746
920663.BJ,20250211,17.4,18.94,17.06,18.24,17.32,0.92,5.3118,38875.98,70701.232
920663.BJ,20250212,17.85,20.58,17.72,19.2,18.24,0.96,5.2632,44483.1,84566.928
920663.BJ,20250213,18.96,19.2,18.08,18.12,19.2,-1.08,-5.625,27843.57,51775.534
920663.BJ,20250214,18.2,18.2,17.48,17.61,18.12,-0.51,-2.8146,20193.98,35735.554
920663.BJ,20250217,17.51,18.18,17.08,17.99,17.61,0.38,2.1579,18873.45,33398.839
920663.BJ,20250218,18.1,18.28,17.12,17.2,17.99,-0.79,-4.3913,14591.79,25847.22
920663.BJ,20250219,17.21,18.63,17.1,18.48,17.2,1.28,7.4419,29798.16,53719.736
920663.BJ,20250220,18.59,20.36,18.08,19.28,18.48,0.8,4.329,46177.89,88628.717
920663.BJ,20250221,20.24,24.0,20.1,21.5,19.28,2.22,11.5145,85106.62,184903.398
920663.BJ,20250224,21.5,23.49,21.01,22.16,21.5,0.66,3.0698,67785.51,151028.291
920663.BJ,20250225,21.0,28.8,20.18,28.8,22.16,6.64,29.9639,120781.16,320123.547
920663.BJ,20250226,28.8,35.48,28.52,32.13,28.8,3.33,11.5625,134262.47,427418.391
920663.BJ,20250227,30.3,38.0,30.2,33.5,32.13,1.37,4.2639,121845.96,412534.956
920663.BJ,20250228,34.03,34.03,28.89,29.15,33.5,-4.35,-12.9851,103626.17,318544.514
920663.BJ,20250303,28.27,29.65,26.71,27.42,29.15,-1.73,-5.9348,78462.18,218416.316
920663.BJ,20250304,26.88,31.66,26.6,29.01,27.42,1.59,5.7987,93446.11,272463.603
920663.BJ,20250305,28.0,31.33,27.6,29.6,29.01,0.59,2.0338,83240.71,241456.322
920663.BJ,20250306,29.6,29.95,28.5,29.21,29.6,-0.39,-1.3176,60398.83,175828.302
920663.BJ,20250307,28.76,30.17,28.0,29.35,29.21,0.14,0.4793,52145.03,152449.036
920663.BJ,20250310,29.49,29.6,27.93,28.12,29.35,-1.23,-4.1908,41163.39,117133.006
920663.BJ,20250311,27.5,28.0,26.16,28.0,28.12,-0.12,-0.4267,48309.15,130509.727
920663.BJ,20250312,28.2,28.52,27.41,27.46,28.0,-0.54,-1.9286,30458.2,85069.566
920663.BJ,20250313,27.4,27.63,26.1,26.92,27.46,-0.54,-1.9665,29078.93,77535.871
920663.BJ,20250314,26.9,27.98,26.52,27.77,26.92,0.85,3.1575,31052.57,85023.197
920663.BJ,20250317,27.94,29.28,27.61,28.96,27.77,1.19,4.2852,48602.51,139155.911
920663.BJ,20250318,29.0,29.45,27.95,28.6,28.96,-0.36,-1.2431,30708.54,87462.044
920663.BJ,20250319,28.35,30.92,27.78,29.93,28.6,1.33,4.6503,77565.82,231137.234
920663.BJ,20250320,30.5,30.63,28.0,28.0,29.93,-1.93,-6.4484,49252.2,142786.852
920663.BJ,20250321,27.41,27.41,24.25,24.67,28.0,-3.33,-11.8929,44913.21,114998.173
920663.BJ,20250324,24.6,25.0,22.7,25.0,24.67,0.33,1.3377,30465.82,72295.796
920663.BJ,20250325,25.05,25.67,24.5,25.1,25.0,0.1,0.4,26707.98,67143.407
920663.BJ,20250326,25.31,30.34,25.0,29.52,25.1,4.42,17.6096,81575.57,232818.281
920663.BJ,20250327,28.03,30.7,27.05,29.2,29.52,-0.32,-1.084,59360.81,169296.429
920663.BJ,20250328,28.5,29.19,27.53,27.69,29.2,-1.51,-5.1712,31632.68,89739.652
920663.BJ,20250331,27.07,27.33,25.0,25.7,27.69,-1.99,-7.1867,27166.07,70124.272
920663.BJ,20250401,25.95,26.73,25.0,25.28,25.7,-0.42,-1.6342,23133.49,59345.92
920663.BJ,20250402,25.31,25.96,25.03,25.11,25.28,-0.17,-0.6725,16532.16,42005.259
920663.BJ,20250403,24.8,25.21,24.01,24.39,25.11,-0.72,-2.8674,19215.3,47028.105
920663.BJ,20250407,21.5,22.31,17.23,18.41,24.39,-5.98,-24.5182,33629.67,67412.675
920663.BJ,20250408,18.9,20.4,18.7,20.36,18.41,1.95,10.5921,32289.32,62748.73
920663.BJ,20250409,20.11,23.78,19.01,22.24,20.36,1.88,9.2338,35020.48,75401.189
920663.BJ,20250410,23.05,24.67,23.05,23.2,22.24,0.96,4.3165,34628.88,82648.884
920663.BJ,20250411,22.54,24.28,22.4,23.55,23.2,0.35,1.5086,25300.96,60089.96
920663.BJ,20250414,23.91,24.81,23.76,24.11,23.55,0.56,2.3779,20628.96,49924.271
920663.BJ,20250415,24.1,24.99,23.55,24.72,24.11,0.61,2.5301,25486.44,62339.232
920663.BJ,20250416,24.46,24.5,23.05,23.54,24.72,-1.18,-4.7735,22891.48,54481.187
920663.BJ,20250417,23.3,24.77,23.1,24.76,23.54,1.22,5.1827,27847.78,67651.291
920663.BJ,20250418,25.04,26.92,24.99,26.29,24.76,1.53,6.1793,40898.73,106641.506
920663.BJ,20250421,26.75,27.15,25.49,26.36,26.29,0.07,0.2663,31592.87,82806.622
920663.BJ,20250422,26.4,26.61,25.8,26.53,26.36,0.17,0.6449,19126.1,50290.329
920663.BJ,20250423,26.53,28.56,26.53,27.14,26.53,0.61,2.2993,41605.97,114987.955
920663.BJ,20250424,27.35,28.29,26.8,27.21,27.14,0.07,0.2579,32975.63,90789.658
920663.BJ,20250425,27.0,27.48,26.06,26.39,27.21,-0.82,-3.0136,24662.57,65812.695
920663.BJ,20250428,26.17,26.96,25.05,25.77,26.39,-0.62,-2.3494,17386.76,45535.484
920663.BJ,20250429,25.94,27.86,25.55,27.7,25.77,1.93,7.4893,35339.79,95946.706
920663.BJ,20250430,28.25,29.45,27.3,28.77,27.7,1.07,3.8628,42633.94,120662.915
920663.BJ,20250506,29.06,30.95,28.25,30.36,28.77,1.59,5.5266,55590.89,164044.281
920663.BJ,20250507,31.01,31.11,28.72,29.2,30.36,-1.16,-3.8208,44473.21,132785.355
920663.BJ,20250508,28.7,31.54,28.65,29.85,29.2,0.65,2.226,48842.84,147983.488
920663.BJ,20250509,29.19,29.68,28.5,28.51,29.85,-1.34,-4.4891,34074.19,98004.478
920663.BJ,20250512,28.8,29.8,28.58,29.73,28.51,1.22,4.2792,28562.37,83794.03
920663.BJ,20250513,30.0,30.05,28.61,28.64,29.73,-1.09,-3.6663,22016.12,64334.591
920663.BJ,20250514,28.33,28.85,27.8,27.99,28.64,-0.65,-2.2696,24676.49,69420.752
920663.BJ,20250515,27.8,28.55,27.55,27.87,27.99,-0.12,-0.4287,19326.05,54284.196
920663.BJ,20250516,27.76,29.88,27.72,29.15,27.87,1.28,4.5928,45853.48,133779.696
920663.BJ,20250519,29.15,29.29,27.9,28.4,29.15,-0.75,-2.5729,30743.25,86953.537
920663.BJ,20250520,28.64,29.17,28.05,29.04,28.4,0.64,2.2535,25506.67,73413.017
920663.BJ,20250521,29.05,30.33,28.61,29.99,29.04,0.95,3.2713,43059.83,127243.381
920663.BJ,20250522,29.81,29.83,27.4,27.82,29.99,-2.17,-7.2357,38132.29,109264.492
920663.BJ,20250523,27.4,28.6,27.4,27.49,27.82,-0.33,-1.1862,19178.5,53529.132
920663.BJ,20250526,27.58,27.82,26.6,27.82,27.49,0.33,1.2004,16264.91,44153.517
920663.BJ,20250527,27.65,27.98,26.8,27.05,27.82,-0.77,-2.7678,15749.38,43021.421
920663.BJ,20250528,27.0,27.3,26.38,26.39,27.05,-0.66,-2.4399,12729.81,34146.122
920663.BJ,20250529,26.52,27.46,26.36,27.14,26.39,0.75,2.842,14568.87,39470.753
920663.BJ,20250530,27.0,27.59,26.46,26.5,27.14,-0.64,-2.3581,14100.97,37857.611
920663.BJ,20250603,26.27,26.68,26.0,26.55,26.5,0.05,0.1887,9588.92,25281.187
920663.BJ,20250604,26.65,27.0,26.51,26.6,26.55,0.05,0.1883,9682.49,25905.374
920663.BJ,20250605,26.54,27.1,26.21,26.93,26.6,0.33,1.2406,13687.66,36469.901
920663.BJ,20250606,27.15,27.19,26.54,26.57,26.93,-0.36,-1.3368,9320.22,24960.337
920663.BJ,20250609,26.79,26.79,26.22,26.36,26.57,-0.21,-0.7904,10413.42,27526.769
920663.BJ,20250610,26.48,26.49,25.1,25.63,26.36,-0.73,-2.7693,21090.36,54243.853
920663.BJ,20250611,25.8,26.68,25.8,26.42,25.63,0.79,3.0823,18827.53,49724.283
920663.BJ,20250612,26.25,27.87,26.24,27.75,26.42,1.33,5.0341,30229.99,82454.061
920663.BJ,20250613,27.8,27.8,26.8,27.11,27.75,-0.64,-2.3063,18360.64,49917.235
920663.BJ,20250616,26.99,27.77,26.42,27.73,27.11,0.62,2.287,19523.73,53035.684
920663.BJ,20250617,21.4,21.43,20.28,20.45,21.03,-0.58,-2.758,18548.31,38122.696
920663.BJ,20250618,20.4,20.5,19.9,20.04,20.45,-0.41,-2.0049,13347.81,26881.573
920663.BJ,20250619,20.2,20.56,19.7,19.7,20.04,-0.34,-1.6966,15416.57,31021.906
920663.BJ,20250620,19.61,19.92,18.83,18.88,19.7,-0.82,-4.1624,16216.25,31284.809
920663.BJ,20250623,18.72,19.55,18.65,19.3,18.88,0.42,2.2246,11083.22,21143.734
920663.BJ,20250624,19.58,20.97,19.56,20.65,19.3,1.35,6.9948,32869.74,67175.813
920663.BJ,20250625,20.78,20.97,20.3,20.75,20.65,0.1,0.4843,24988.35,51559.329
920663.BJ,20250626,20.83,21.15,20.18,20.28,20.75,-0.47,-2.2651,24236.85,50018.487
920663.BJ,20250627,20.98,20.98,20.23,20.32,20.28,0.04,0.1972,16003.67,32754.358
920663.BJ,20250630,20.49,20.49,20.13,20.39,20.32,0.07,0.3445,15495.94,31479.115
920663.BJ,20250701,20.5,20.5,19.95,20.2,20.39,-0.19,-0.9318,13847.46,27963.882
920663.BJ,20250702,20.65,20.69,19.8,19.94,20.2,-0.26,-1.2871,14545.06,29238.042
920663.BJ,20250703,20.01,20.24,19.6,19.92,19.94,-0.02,-0.1003,10202.43,20301.555
920663.BJ,20250704,20.04,20.04,19.22,19.22,19.92,-0.7,-3.5141,12752.19,24916.266
920663.BJ,20250707,19.09,19.48,19.07,19.24,19.22,0.02,0.1041,12081.56,23254.418
920663.BJ,20250708,19.18,19.76,19.13,19.48,19.24,0.24,1.2474,12148.9,23673.7
920663.BJ,20250709,19.73,19.95,19.0,19.22,19.48,-0.26,-1.3347,15735.71,30830.796
920663.BJ,20250710,19.11,19.25,18.78,19.12,19.22,-0.1,-0.5203,13985.08,26572.472
920663.BJ,20250711,19.16,19.53,19.03,19.39,19.12,0.27,1.4121,12024.43,23207.913
920663.BJ,20250714,19.33,20.59,19.33,20.39,19.39,1.0,5.1573,37659.18,75976.726
920663.BJ,20250715,20.32,20.42,19.72,19.97,20.39,-0.42,-2.0598,19540.99,39119.414
920663.BJ,20250716,19.97,20.88,19.72,20.65,19.97,0.68,3.4051,38858.37,79450.164
920663.BJ,20250717,20.63,20.75,20.34,20.4,20.65,-0.25,-1.2107,24372.89,50026.777
920663.BJ,20250718,20.57,20.57,20.01,20.01,20.4,-0.39,-1.9118,18160.64,36598.388
920663.BJ,20250721,20.08,20.48,20.04,20.36,20.01,0.35,1.7491,17413.69,35352.854
920663.BJ,20250722,20.44,20.46,20.02,20.23,20.36,-0.13,-0.6385,18994.66,38447.055
920663.BJ,20250723,20.31,20.58,19.87,19.88,20.23,-0.35,-1.7301,15454.56,31181.909
920663.BJ,20250724,19.96,22.48,19.96,21.28,19.88,1.4,7.0423,71199.0,151824.011
920663.BJ,20250725,21.5,22.18,21.09,21.75,21.28,0.47,2.2086,53748.36,116259.01
920663.BJ,20250728,21.86,25.88,21.86,24.36,21.75,2.61,12.0,116744.24,282273.833
920663.BJ,20250729,23.28,26.22,23.27,25.31,24.36,0.95,3.8998,105730.49,261549.64
920663.BJ,20250730,24.32,25.17,23.58,23.89,25.31,-1.42,-5.6104,64190.56,154954.838
920663.BJ,20250731,24.5,26.18,23.61,23.99,23.89,0.1,0.4186,68532.46,171217.905
920663.BJ,20250801,23.5,24.2,22.56,22.64,23.99,-1.35,-5.6273,56825.11,131694.823
920663.BJ,20250804,22.84,23.37,22.22,23.29,22.64,0.65,2.871,39984.74,91074.355
920663.BJ,20250805,23.2,25.0,23.1,24.04,23.29,0.75,3.2203,61740.33,149521.084
920663.BJ,20250806,24.08,28.8,24.08,27.82,24.04,3.78,15.7238,122390.51,322184.512
920663.BJ,20250807,27.6,27.82,25.8,26.27,27.82,-1.55,-5.5715,93155.3,245909.711
920663.BJ,20250808,25.08,26.29,25.02,25.05,26.27,-1.22,-4.6441,60865.15,154645.775
920663.BJ,20250811,25.28,26.2,24.66,25.59,25.05,0.54,2.1557,68190.16,173591.412
920663.BJ,20250812,25.15,25.25,24.11,24.28,25.59,-1.31,-5.1192,53191.04,129924.856
920663.BJ,20250813,24.36,24.94,24.11,24.61,24.28,0.33,1.3591,39649.01,97309.01
920663.BJ,20250814,24.88,24.88,23.4,23.64,24.61,-0.97,-3.9415,37735.0,90229.823
920663.BJ,20250815,23.56,24.8,23.43,24.62,23.64,0.98,4.1455,41480.38,101196.722
920663.BJ,20250818,24.5,25.3,23.93,25.12,24.62,0.5,2.0309,69435.95,172011.12
920663.BJ,20250819,25.41,26.38,24.53,25.26,25.12,0.14,0.5573,72511.51,184491.262
920663.BJ,20250820,24.86,25.75,24.41,25.14,25.26,-0.12,-0.4751,42170.65,105481.179
920663.BJ,20250821,25.3,25.3,23.99,24.23,25.14,-0.91,-3.6197,38544.67,94631.061
920663.BJ,20250822,24.39,24.39,23.8,24.16,24.23,-0.07,-0.2889,27329.7,65772.069
920663.BJ,20250825,24.25,24.45,23.58,24.0,24.16,-0.16,-0.6623,31261.83,74776.753
920663.BJ,20250826,24.09,24.35,23.75,24.06,24.0,0.06,0.25,28921.27,69670.427
920663.BJ,20250827,24.01,24.56,23.37,23.37,24.06,-0.69,-2.8678,31869.53,76319.896
920663.BJ,20250828,23.5,23.76,22.54,23.18,23.37,-0.19,-0.813,26532.73,61268.627
920663.BJ,20250829,23.18,24.03,23.11,23.54,23.18,0.36,1.5531,22808.03,53788.961
920663.BJ,20250901,23.5,23.68,22.73,22.98,23.54,-0.56,-2.3789,21344.72,49068.724
920663.BJ,20250902,23.0,24.45,22.3,23.85,22.98,0.87,3.7859,42062.4,98639.382
920663.BJ,20250903,24.1,24.1,22.76,22.86,23.85,-0.99,-4.1509,21752.21,50825.754
920663.BJ,20250904,22.84,23.35,22.21,22.52,22.86,-0.34,-1.4873,18003.09,41173.206
920663.BJ,20250905,22.69,23.55,22.62,23.46,22.52,0.94,4.1741,21912.77,51115.335
920663.BJ,20250908,23.67,24.99,23.47,24.52,23.46,1.06,4.5183,57507.63,141073.052
920663.BJ,20250909,24.3,24.3,23.12,23.19,24.52,-1.33,-5.4241,34752.16,81584.031
920663.BJ,20250910,23.19,23.54,22.55,22.77,23.19,-0.42,-1.8111,23599.48,54154.16
920663.BJ,20250911,22.8,23.1,22.51,22.83,22.77,0.06,0.2635,19821.39,45129.053
920663.BJ,20250912,23.1,23.17,22.53,22.63,22.83,-0.2,-0.876,18948.45,43163.204
920663.BJ,20250915,22.6,23.23,22.51,22.73,22.63,0.1,0.4419,18290.29,41733.748
920663.BJ,20250916,22.9,23.19,22.38,23.06,22.73,0.33,1.4518,23408.77,53602.159
920663.BJ,20250917,22.99,23.7,22.81,23.29,23.06,0.23,0.9974,24807.42,57693.925
920663.BJ,20250918,23.06,24.35,23.04,23.42,23.29,0.13,0.5582,43384.16,102955.368
920663.BJ,20250919,23.19,23.2,22.23,22.25,23.42,-1.17,-4.9957,25239.55,56719.554
920663.BJ,20250922,22.21,22.4,21.54,21.7,22.25,-0.55,-2.4719,17571.86,38404.971
920663.BJ,20250923,21.6,22.09,20.9,21.2,21.7,-0.5,-2.3041,15407.07,32815.666
920663.BJ,20250924,21.23,21.85,21.09,21.29,21.2,0.09,0.4245,13524.21,28948.395
920663.BJ,20250925,21.22,21.37,20.84,21.04,21.29,-0.25,-1.1743,15736.97,33126.147
920663.BJ,20250926,21.04,21.04,20.5,20.5,21.04,-0.54,-2.5665,11369.8,23511.195
920663.BJ,20250929,20.51,21.25,20.33,21.04,20.5,0.54,2.6341,8219.68,17156.18
920663.BJ,20250930,21.04,21.23,20.83,21.01,21.04,-0.03,-0.1426,6618.74,13906.836
920663.BJ,20251009,21.19,21.19,20.2,20.34,21.01,-0.67,-3.189,12738.47,26091.504
920663.BJ,20251010,20.51,21.24,20.36,21.0,20.34,0.66,3.2448,15548.56,32606.161
920663.BJ,20251013,20.48,20.69,20.06,20.49,21.0,-0.51,-2.4286,9634.98,19677.425
920663.BJ,20251014,20.65,20.91,20.33,20.5,20.49,0.01,0.0488,6935.87,14311.389
920663.BJ,20251015,20.6,21.71,20.51,21.71,20.5,1.21,5.9024,22389.35,47764.238
920663.BJ,20251016,21.51,21.67,21.06,21.26,21.71,-0.45,-2.0728,12715.38,27106.559
920663.BJ,20251017,21.38,21.39,20.2,20.29,21.26,-0.97,-4.5626,10443.37,21602.005
920663.BJ,20251020,20.47,20.65,20.2,20.46,20.29,0.17,0.8379,7113.1,14508.498
920663.BJ,20251021,20.52,20.98,20.31,20.95,20.46,0.49,2.3949,6722.23,13983.914
920663.BJ,20251022,20.91,21.5,20.4,20.99,20.73,0.26,1.2542,9803.46,20658.163
920663.BJ,20251023,20.84,21.16,20.15,20.33,20.99,-0.66,-3.1444,12643.07,25701.934
920663.BJ,20251024,20.4,20.57,20.1,20.22,20.33,-0.11,-0.5411,11630.29,23616.598
920663.BJ,20251027,20.18,20.4,19.94,20.14,20.22,-0.08,-0.3956,12239.52,24599.065
920663.BJ,20251028,20.14,20.26,19.95,20.11,20.14,-0.03,-0.149,8053.54,16167.817
920663.BJ,20251029,20.08,21.23,19.8,21.09,20.11,0.98,4.8732,19422.24,40017.252
920663.BJ,20251030,21.18,21.54,20.55,20.68,21.09,-0.41,-1.944,24037.84,50830.728
920663.BJ,20251031,20.68,21.35,20.52,21.16,20.68,0.48,2.3211,14584.95,30745.93
920663.BJ,20251103,21.18,21.55,20.91,21.19,21.16,0.03,0.1418,11154.94,23634.182
920663.BJ,20251104,21.38,21.38,20.23,20.49,21.19,-0.7,-3.3034,13213.94,27146.899
920663.BJ,20251105,20.31,20.65,20.15,20.31,20.49,-0.18,-0.8785,9873.61,20126.071
920663.BJ,20251106,20.33,20.5,20.12,20.3,20.31,-0.01,-0.0492,10329.22,20955.728
920663.BJ,20251107,20.25,20.78,20.13,20.5,20.3,0.2,0.9852,10605.72,21693.289
920663.BJ,20251110,20.46,20.46,20.03,20.14,20.5,-0.36,-1.7561,10062.66,20248.459
920663.BJ,20251111,20.13,20.42,20.1,20.2,20.14,0.06,0.2979,7788.2,15761.701
920663.BJ,20251112,20.2,20.26,19.82,20.0,20.2,-0.2,-0.9901,6389.41,12797.041
920663.BJ,20251113,20.14,20.26,19.98,20.01,20.0,0.01,0.05,9925.17,19975.132
920663.BJ,20251114,19.95,20.11,19.75,19.76,20.01,-0.25,-1.2494,10035.73,19939.775
920663.BJ,20251117,19.8,19.88,19.27,19.43,19.76,-0.33,-1.67,9975.25,19477.441
920663.BJ,20251118,19.46,19.52,19.02,19.19,19.43,-0.24,-1.2352,6943.67,13325.116
920663.BJ,20251119,19.19,19.27,18.42,18.46,19.19,-0.73,-3.8041,12202.23,22811.309
920663.BJ,20251120,18.46,18.64,17.39,17.59,18.46,-0.87,-4.7129,19219.54,34147.236
920663.BJ,20251121,17.58,17.74,16.88,16.97,17.59,-0.62,-3.5247,14595.16,25096.343
920663.BJ,20251124,17.12,17.12,16.63,17.02,16.97,0.05,0.2946,10948.54,18453.264
920663.BJ,20251125,17.17,17.46,17.05,17.21,17.02,0.19,1.1163,8478.56,14637.517
920663.BJ,20251126,17.35,17.35,16.64,16.75,17.21,-0.46,-2.6729,11583.75,19560.694
920663.BJ,20251127,16.75,17.07,16.68,16.78,16.75,0.03,0.1791,9349.7,15799.729
920663.BJ,20251128,16.92,17.0,16.56,16.74,16.78,-0.04,-0.2384,7089.64,11820.085
920663.BJ,20251201,16.79,17.29,16.7,17.29,16.74,0.55,3.2855,9648.02,16449.798
920663.BJ,20251202,17.3,17.3,16.72,16.72,17.29,-0.57,-3.2967,8007.47,13531.492
920663.BJ,20251203,16.85,17.03,16.7,16.77,16.72,0.05,0.299,8596.18,14509.296
920663.BJ,20251204,16.7,17.31,16.65,16.81,16.77,0.04,0.2385,12970.39,21988.519
920663.BJ,20251205,16.75,16.84,16.28,16.76,16.81,-0.05,-0.2974,16078.7,26627.852
920663.BJ,20251208,16.78,16.97,16.78,16.83,16.76,0.07,0.4177,9295.12,15692.074
920663.BJ,20251209,16.9,16.96,16.45,16.49,16.83,-0.34,-2.0202,7665.01,12801.36
920663.BJ,20251210,16.62,16.64,16.22,16.63,16.49,0.14,0.849,5653.6,9286.436
920663.BJ,20251211,16.7,17.5,16.24,17.15,16.63,0.52,3.1269,23656.72,40411.669
920663.BJ,20251212,17.08,17.84,16.88,17.4,17.15,0.25,1.4577,19706.19,34252.477
920663.BJ,20251215,17.31,17.66,17.24,17.31,17.4,-0.09,-0.5172,8159.09,14213.728
920663.BJ,20251216,17.25,17.87,17.25,17.65,17.31,0.34,1.9642,13248.17,23380.326
920663.BJ,20251217,17.55,17.72,17.15,17.55,17.65,-0.1,-0.5666,9064.45,15792.337
920663.BJ,20251218,17.4,17.61,17.24,17.24,17.55,-0.31,-1.7664,7363.76,12826.392
920663.BJ,20251219,17.24,17.9,17.18,17.72,17.24,0.48,2.7842,12699.2,22484.009
920663.BJ,20251222,17.66,17.76,17.45,17.58,17.72,-0.14,-0.7901,8711.13,15305.827
920663.BJ,20251223,17.73,17.73,17.23,17.35,17.58,-0.23,-1.3083,6650.25,11543.405
920663.BJ,20251224,17.4,17.4,17.04,17.16,17.35,-0.19,-1.0951,7012.37,12030.359
920663.BJ,20251225,17.16,17.58,17.12,17.48,17.16,0.32,1.8648,9830.54,17072.599
920663.BJ,20251226,17.38,17.45,17.14,17.17,17.48,-0.31,-1.7735,7202.69,12429.711
920663.BJ,20251229,17.12,17.84,16.97,17.81,17.17,0.64,3.7274,18473.38,32392.17
920663.BJ,20251230,17.7,18.84,17.34,18.48,17.81,0.67,3.7619,30731.38,55942.789
920663.BJ,20251231,18.33,18.47,17.85,18.16,18.48,-0.32,-1.7316,18575.49,33576.025
920663.BJ,20260105,18.09,18.5,17.92,18.05,18.16,-0.11,-0.6057,13614.31,24613.044
920663.BJ,20260106,18.01,18.19,17.98,18.05,18.05,0.0,0.0,11710.51,21145.743
920663.BJ,20260107,18.03,18.22,17.76,17.88,18.05,-0.17,-0.9418,11845.07,21296.783
920663.BJ,20260108,17.77,18.0,17.72,17.95,17.88,0.07,0.3915,9415.94,16847.15
920663.BJ,20260109,17.88,18.16,17.87,18.1,17.95,0.15,0.8357,9572.49,17286.252
920663.BJ,20260112,18.16,18.76,17.95,18.76,18.1,0.66,3.6464,25257.78,46613.947
920663.BJ,20260113,18.76,19.43,18.43,19.12,18.76,0.36,1.919,29446.83,56255.223
920663.BJ,20260114,19.07,19.35,18.75,19.07,19.12,-0.05,-0.2615,18463.94,35177.783
920663.BJ,20260115,19.03,19.23,18.65,18.81,19.07,-0.26,-1.3634,10687.08,20183.614
920663.BJ,20260116,18.83,18.96,18.6,18.65,18.81,-0.16,-0.8506,9414.63,17663.192
920663.BJ,20260119,18.7,18.85,18.4,18.69,18.65,0.04,0.2145,9687.71,18076.497
920663.BJ,20260120,18.7,18.8,18.31,18.4,18.69,-0.29,-1.5516,8070.8,14923.472
920663.BJ,20260121,18.54,18.75,18.38,18.52,18.4,0.12,0.6522,7982.26,14814.338
920663.BJ,20260122,18.6,18.63,18.4,18.47,18.52,-0.05,-0.27,7099.09,13134.846
920663.BJ,20260123,18.54,18.84,18.49,18.68,18.47,0.21,1.137,10982.3,20491.9
920663.BJ,20260126,18.8,18.8,18.16,18.23,18.68,-0.45,-2.409,10030.74,18429.554
920663.BJ,20260127,18.09,18.38,17.77,17.97,18.23,-0.26,-1.4262,9284.38,16671.058
920663.BJ,20260128,18.15,18.19,17.67,17.69,17.97,-0.28,-1.5582,7828.98,13943.274
920663.BJ,20260129,17.68,17.82,17.35,17.35,17.69,-0.34,-1.922,6882.6,12125.854
920663.BJ,20260130,17.5,17.75,17.29,17.46,17.35,0.11,0.634,9169.04,16030.297
920663.BJ,20260202,17.32,17.48,16.88,17.04,17.46,-0.42,-2.4055,8235.63,14083.957
920663.BJ,20260203,17.15,17.36,16.94,17.33,17.04,0.29,1.7019,4920.73,8456.888
920663.BJ,20260204,17.4,17.4,16.85,16.94,17.33,-0.39,-2.2504,7773.47,13238.212
920663.BJ,20260205,16.98,17.05,16.5,16.51,16.94,-0.43,-2.5384,8365.46,13991.157
920663.BJ,20260206,16.48,16.78,16.45,16.58,16.51,0.07,0.424,8524.61,14130.78
920663.BJ,20260209,16.74,16.86,16.54,16.71,16.58,0.13,0.7841,5524.49,9224.654
920663.BJ,20260210,16.84,16.84,16.52,16.66,16.71,-0.05,-0.2992,3760.56,6260.525
920663.BJ,20260211,16.66,16.8,16.53,16.69,16.66,0.03,0.1801,3565.15,5951.316
920663.BJ,20260212,16.84,16.88,16.58,16.67,16.69,-0.02,-0.1198,5922.68,9907.647
920663.BJ,20260213,16.71,16.86,16.63,16.7,16.67,0.03,0.18,3938.28,6583.773
920663.BJ,20260224,16.86,16.87,16.61,16.78,16.7,0.08,0.479,4216.65,7065.434
920663.BJ,20260225,16.88,17.05,16.83,16.92,16.78,0.14,0.8343,8698.63,14734.465
920663.BJ,20260226,16.88,16.98,16.7,16.77,16.92,-0.15,-0.8865,5981.86,10023.706
920663.BJ,20260227,16.85,16.88,16.61,16.76,16.77,-0.01,-0.0596,4290.73,7166.761
920663.BJ,20260302,16.66,17.02,16.22,16.24,16.76,-0.52,-3.1026,13019.43,21578.512
920663.BJ,20260303,16.21,16.4,15.71,15.88,16.24,-0.36,-2.2167,12737.53,20485.277
920663.BJ,20260304,15.83,15.93,15.5,15.61,15.88,-0.27,-1.7003,7828.8,12315.224
920663.BJ,20260305,15.76,15.95,15.58,15.6,15.61,-0.01,-0.0641,11272.51,17734.824
920663.BJ,20260306,15.67,15.84,15.51,15.75,15.6,0.15,0.9615,7026.66,11057.831
920663.BJ,20260309,15.6,15.88,15.03,15.28,15.75,-0.47,-2.9841,8272.28,12670.393
920663.BJ,20260310,15.45,15.55,15.41,15.47,15.28,0.19,1.2435,6795.16,10512.171
920663.BJ,20260311,15.47,15.79,15.45,15.6,15.47,0.13,0.8403,8779.95,13762.68
920663.BJ,20260312,15.52,15.68,15.28,15.44,15.6,-0.16,-1.0256,4146.0,6408.481
920663.BJ,20260313,15.39,15.7,15.34,15.42,15.44,-0.02,-0.1295,5602.8,8689.261
920663.BJ,20260316,15.42,15.5,15.06,15.18,15.42,-0.24,-1.5564,5662.02,8586.118
920663.BJ,20260317,15.19,15.29,14.92,14.96,15.18,-0.22,-1.4493,6122.24,9222.418
920663.BJ,20260318,14.9,15.07,14.72,14.95,14.96,-0.01,-0.0668,4497.04,6674.069
920663.BJ,20260319,14.9,14.9,14.15,14.19,14.95,-0.76,-5.0836,7907.81,11420.247
920663.BJ,20260320,14.43,14.86,14.18,14.41,14.19,0.22,1.5504,10434.86,15094.369
920663.BJ,20260323,14.35,14.35,13.51,13.67,14.41,-0.74,-5.1353,9124.8,12644.204
920663.BJ,20260324,13.79,14.03,13.59,13.86,13.67,0.19,1.3899,4510.25,6216.481
920663.BJ,20260325,13.9,14.18,13.9,14.05,13.86,0.19,1.3709,5904.67,8305.003
920663.BJ,20260326,14.16,14.87,13.99,14.43,14.05,0.38,2.7046,17546.68,25547.413
920663.BJ,20260327,14.29,14.55,14.16,14.51,14.43,0.08,0.5544,6768.39,9711.259
920663.BJ,20260330,14.42,14.42,13.86,14.09,14.51,-0.42,-2.8946,6426.54,9018.212
920663.BJ,20260331,14.21,14.74,14.03,14.38,14.09,0.29,2.0582,10573.45,15237.267
920663.BJ,20260401,14.74,14.8,14.42,14.58,14.38,0.2,1.3908,6882.95,9999.554
920663.BJ,20260402,14.61,14.97,14.43,14.71,14.58,0.13,0.8916,10156.69,14983.73
920663.BJ,20260403,14.66,15.28,14.66,15.09,14.71,0.38,2.5833,17041.38,25579.241
920663.BJ,20260407,15.19,16.03,14.94,15.57,15.09,0.48,3.1809,20416.4,31677.157
920663.BJ,20260408,15.89,16.1,15.59,15.92,15.57,0.35,2.2479,15168.73,23928.542
920663.BJ,20260409,15.9,18.79,15.76,17.35,15.92,1.43,8.9824,54630.21,96181.442
920663.BJ,20260410,17.45,17.8,16.7,16.96,17.35,-0.39,-2.2478,32306.73,54770.024
920663.BJ,20260413,16.6,16.79,16.11,16.2,16.96,-0.76,-4.4811,24067.64,39392.456
920663.BJ,20260414,16.29,16.46,16.01,16.39,16.2,0.19,1.1728,14621.07,23669.288
920663.BJ,20260415,16.47,16.53,16.0,16.04,16.39,-0.35,-2.1354,11839.57,19236.651
920663.BJ,20260416,16.21,16.31,16.0,16.2,16.04,0.16,0.9975,7527.95,12160.364
920663.BJ,20260417,16.19,16.95,16.0,16.72,16.2,0.52,3.2099,17267.69,28424.526
920663.BJ,20260420,16.7,17.38,16.35,16.85,16.72,0.13,0.7775,20226.23,34358.022
920663.BJ,20260421,16.88,16.95,16.19,16.33,16.85,-0.52,-3.0861,11159.43,18272.835
920663.BJ,20260422,16.27,16.6,16.24,16.32,16.33,-0.01,-0.0612,6906.8,11295.833
920663.BJ,20260423,16.4,16.4,15.65,15.68,16.32,-0.64,-3.9216,11582.27,18392.101
920663.BJ,20260424,15.69,16.19,15.69,15.98,15.68,0.3,1.9133,11317.92,18071.065
920663.BJ,20260427,15.8,15.88,15.45,15.71,15.98,-0.27,-1.6896,8479.3,13252.565
920663.BJ,20260428,15.71,15.72,15.0,15.13,15.71,-0.58,-3.6919,9677.95,14840.905
920663.BJ,20260429,15.13,15.53,15.13,15.36,15.13,0.23,1.5202,5562.01,8564.458
920663.BJ,20260430,15.46,15.57,15.31,15.45,15.36,0.09,0.5859,8129.95,12554.242
